adburton=Andrew Burton <adburton@users.sourceforge.net>
ap2c=Aurélien Croc <ap2c@users.sourceforge.net>
asl=Arnaud Launay <asl@users.sourceforge.net>
barbe=Christophe Barbé <christophe.barbe@ufies.org>
bellet=Fabrice Bellet <bellet@users.sourceforge.net>
cmarqu = Colin Marquardt <colin@marquardt-home.de>
cpinkham = Chris Pinkham <cpinkham@bc2va.org>
cweinholz=Carsten Weinholz <cweinholz@users.sourceforge.net>
deater = Vince Weaver <vince@deater.net>
dfandrich = Dan Fandrich <dan@coneharvesters.com>
donn=Donn Morrison <donn@users.sourceforge.net>
dotsphinx = Raymond Penners <raymond.penners@intenct.nl>
dpv=David PHAM-VAN <dpv@users.sourceforge.net>
fredrikt=Fredrik <fredrikt@users.sourceforge.net>
ggrandou = Gilles Grandou <gilles@grandou.net>
gus_hartmann=Gus Hartmann <gus_hartmann@users.sourceforge.net>
hfiguiere = Hubert Figuière <hub@figuiere.net>
hub = Hubert Figuière <hub@figuiere.net>
hun = Hans Ulrich Niedermann <hun@n-dimensional.de>
ikonst=Ilya Konstantinov <ikonst@users.sourceforge.net>
ingram=Greg Ingram <ingram@users.sourceforge.net>
jerdfelt=Johannes Erdfelt <jerdfelt@users.sourceforge.net>
jgangemi=Jae Gangemi <jgangemi@users.sourceforge.net>
jwrdegoede=Hans de Goede <jwrdegoede@users.sourceforge.net>
kil3r=Mariusz Woloszyn <kil3r@users.sourceforge.net>
kilgota = Theodore Kilgore <kilgota@auburn.edu>
kinimod=Dominik Kuhlen <kinimod@users.sourceforge.net>
koltan=Michael Koltan <koltan@users.sourceforge.net>
leibnitz27=Lee Benfield <leibnitz27@users.sourceforge.net>
lodewyck=Jérôme Lodewyck <lodewyck@users.sourceforge.net>
lutz = Lutz Müller <lutz@topfrose.de>
marcusmeissner = Marcus Meissner <marcus@jet.franken.de>
mariusz=Mariusz Zynel <mariusz@users.sourceforge.net>
mattmartin=Matthew Martin <mattmartin@users.sourceforge.net>
mrensing=Michael Rensing <mrensing@users.sourceforge.net>
Mutant_Fruit=Mutant Fruit <Mutant_Fruit@users.sourceforge.net>
nathanstenzel = Nathan Stenzel <nathanstenzel@users.sourceforge.net>
ofauchon=Fauchon <ofauchon@users.sourceforge.net>
oka = Ole Aamot <oka@oka.no>
ole=Ole Arndt <ole@users.sourceforge.net>
patmans=Patrick Mansfield <patmans@users.sourceforge.net>
pbk2513=Peter Kajberg <pbk2513@users.sourceforge.net>
philm=Philippe Marzouk <philm@users.sourceforge.net>
philipl = Philip Langdale <philipl@overt.org>
polesworth = Miah Gregory <mace@darksilence.net>
scottf=Scott Fritzinger <scottf@users.sourceforge.net>
sean_bruno=Sean Bruno <sean_bruno@users.sourceforge.net>
simpson2 = Bart van Leeuwen <simpson2@users.sourceforge.net>
steph-c = Stéphane Castejon <steph-c@users.sourceforge.net>
swestin=Stephen H. Westin <swestin@users.sourceforge.net>
tillsan=Till Adam <tillsan@users.sourceforge.net>
trawny99=Michael Trawny <trawny99@users.sourceforge.net>
trickv = Patrick van Staveren <trick@vanstaveren.us>
trickymctrick = Patrick van Staveren <trick@vanstaveren.us>
twaugh = Tim Waugh <twaugh@redhat.com>
uid31719=uid31719 <uid31719@users.sourceforge.net>
uid31868=uid31868 <uid31868@users.sourceforge.net>
uid34756=uid34756 <uid34756@users.sourceforge.net>
uid36478=uid36478 <uid36478@users.sourceforge.net>
uid64678=uid64678 <uid64678@users.sourceforge.net>
womprat=David Hogue <womprat@users.sourceforge.net>
(no author) = cvs2svn conversion <cvs2svn-artefacts-noreply@gphoto.org>
